order_id,date,region,category,product,customer_id,units_sold,unit_price,discount,revenue
1,2023-05-06,East,Electronics,Laptop,CUST9935,15,74.07,,1111.05
2,2023-02-17,North,Home & Garden,Plant Pot,CUST4257,14,120.17,0.21,1329.08
3,2023-10-29,West,Home & Garden,Lamp,,18,405.67,0.21,5768.63
4,2023-04-21,South,Food,Tea,CUST2584,49,171.61,0.1,7568.0
5,2023-10-02,West,Food,Coffee,CUST5803,8,486.69,0.19,3153.75
6,2023-12-27,South,Food,Protein Bar,CUST5741,5,27.68,0.26,102.42
7,2023-08-21,East,Electronics,Headphones,CUST6820,41,417.88,0.08,15762.43
8,2023-10-01,South,Electronics,Camera,CUST5422,47,126.18,0.19,4803.67
9,2023-01-29,East,Sports,Dumbbell,CUST7572,15,411.79,0.06,5806.24
10,2023-12-02,South,Sports,Running Shoes,CUST8517,32,200.84,,6426.88
11,2023-10-27,East,Clothing,Jeans,CUST4593,28,449.42,0.04,12080.41
12,2023-02-26,North,Home & Garden,Plant Pot,CUST7916,10,315.59,0.12,2777.19
13,2023-10-11,East,Sports,Bottle,CUST9797,1,341.74,0.23,263.14
14,2023-08-11,East,Food,Coffee,CUST5315,11,229.59,0.23,1944.63
15,2023-11-24,East,Sports,Yoga Mat,CUST3646,33,306.44,0.23,7786.64
16,2023-09-08,East,Sports,Yoga Mat,CUST6038,2,60.37,0.07,112.29
17,2023-09-06,North,Sports,Yoga Mat,CUST3060,5,489.1,,2445.5
18,2023-05-16,South,Home & Garden,Mirror,CUST4470,34,436.85,0.23,11436.73
19,2023-12-10,West,Clothing,Jacket,CUST8397,42,189.84,,7973.28
20,2023-01-11,East,Clothing,T-Shirt,CUST1117,38,279.19,,10609.22
21,2023-01-17,North,Electronics,Smartphone,CUST8953,22,40.07,0.04,846.28
22,2023-05-05,West,Sports,Gloves,CUST2588,31,404.71,0.11,11165.95
23,2023-12-11,North,Home & Garden,Rug,CUST7596,42,492.16,0.24,15709.75
24,2023-04-08,South,Electronics,Smartphone,CUST5563,35,227.06,0.26,5880.85
25,2023-01-26,North,Electronics,Headphones,CUST2528,42,499.64,0.25,15738.66
26,2023-09-04,West,Clothing,Dress,CUST3697,14,433.0,0.3,4243.4
27,2023-08-05,East,Food,Nuts,CUST8973,45,478.87,,21549.15
28,2023-10-24,North,Food,Chocolate,CUST1936,48,273.39,,13122.72
29,2023-01-30,South,Home & Garden,Mirror,CUST2113,33,44.66,0.07,1370.62
30,2023-10-24,South,Electronics,Camera,CUST9565,39,24.67,0.08,885.16
31,2023-07-22,East,Food,Chocolate,CUST6180,9,337.49,0.28,2186.94
32,2023-02-07,North,Electronics,Headphones,CUST6718,35,110.51,0.26,2862.21
33,2023-08-13,South,Food,Tea,CUST9666,35,353.25,,12363.75
34,2023-03-10,North,Sports,Running Shoes,CUST3546,17,62.14,0.18,866.23
35,2023-09-16,East,Food,Chocolate,CUST1832,32,129.31,,4137.92
36,2023-01-02,North,Home & Garden,Cushion,CUST5291,22,386.7,,8507.4
37,2023-10-15,West,Home & Garden,Mirror,CUST3442,1,60.38,0.25,45.29
38,2023-08-09,South,Sports,Gloves,CUST1653,9,25.71,0.06,217.51
39,2023-10-14,East,Clothing,T-Shirt,CUST4878,27,487.05,0.29,9336.75
40,2023-04-02,North,Clothing,Dress,CUST7745,48,462.62,0.26,16432.26
41,2023-12-26,South,Clothing,Jacket,CUST8711,7,194.36,0.24,1034.0
42,2023-04-27,East,Home & Garden,Cushion,CUST6378,15,16.71,0.02,245.64
43,2023-12-14,West,Food,Tea,,35,168.92,0.08,5439.22
44,2023-02-25,North,Sports,Running Shoes,CUST6139,39,220.11,0.3,6009.0
45,2023-05-11,South,Electronics,Headphones,,3,355.85,0.16,896.74
46,2023-02-05,West,Clothing,Jacket,CUST3041,43,460.78,0.09,18030.32
47,2023-07-26,East,Food,Nuts,CUST7888,45,151.35,0.11,6061.57
48,2023-07-27,East,Clothing,Shoes,CUST4443,36,417.69,0.17,12480.58
49,2023-08-15,West,Food,Nuts,CUST3780,44,110.78,0.09,4435.63
50,2023-05-01,North,Sports,Running Shoes,CUST3414,44,158.66,,6981.04
51,2023-08-22,North,Clothing,Dress,CUST7291,27,5000.0,0.07,11139.8
52,2023-04-23,West,Electronics,Laptop,CUST8611,12,403.03,,4836.36
53,2023-03-10,West,Clothing,T-Shirt,CUST6198,30,335.45,0.27,7346.35
54,2023-10-08,West,Sports,Gloves,CUST8777,29,449.12,0.23,10028.85
55,2023-11-17,West,Food,Protein Bar,CUST5681,16,140.93,0.1,2029.39
56,2023-03-19,South,Sports,Yoga Mat,CUST4505,15,194.6,,2919.0
57,2023-08-01,West,Home & Garden,Cushion,CUST1320,4,107.38,0.23,330.73
58,2023-06-30,North,Home & Garden,Rug,CUST7865,20,377.97,0.22,5896.33
59,2023-04-23,West,Sports,Dumbbell,,18,220.74,0.2,3178.66
60,2023-03-07,West,Home & Garden,Lamp,CUST1444,40,269.39,,10775.6
61,2023-04-04,West,Home & Garden,Lamp,CUST8449,4,133.78,0.23,412.04
62,2023-05-10,West,Home & Garden,Cushion,CUST1853,6,237.8,0.1,1284.12
63,2023-05-07,North,Electronics,Laptop,CUST4908,13,420.42,,5465.46
64,2023-08-27,South,Electronics,Camera,CUST2876,45,131.84,0.05,5636.16
65,2023-06-09,North,Food,Coffee,CUST7498,37,340.29,0.06,11835.29
66,2023-12-23,North,Sports,Dumbbell,CUST2983,50,154.28,0.17,6402.62
67,2023-12-05,West,Electronics,Tablet,CUST1207,24,39.13,0.25,704.34
68,2023-11-22,East,Electronics,Headphones,CUST9548,30,355.12,0.08,9801.31
69,2023-08-12,West,Sports,Bottle,CUST5022,47,298.27,0.03,13598.13
70,2023-10-19,West,Home & Garden,Lamp,CUST9098,40,335.75,0.05,12758.5
71,2023-06-24,East,Clothing,Jacket,CUST5526,18,440.76,0.15,6743.63
72,2023-07-28,South,Clothing,T-Shirt,CUST8800,32,279.81,0.15,7610.83
73,2023-04-24,East,Electronics,Laptop,CUST7046,26,347.43,0.16,7587.87
74,2023-06-30,East,Home & Garden,Mirror,CUST4777,45,229.6,,10332.0
75,2023-10-02,North,Clothing,Jacket,CUST8933,49,346.63,0.18,13927.59
76,2023-02-21,East,Sports,Gloves,CUST5952,13,151.64,,1971.32
77,2023-01-24,East,Sports,Dumbbell,CUST3068,4,278.91,0.23,859.04
78,2023-08-29,East,Electronics,Laptop,CUST1841,31,223.03,0.26,5116.31
79,2023-09-09,West,Electronics,Laptop,CUST3485,5,290.63,,1453.15
80,2023-05-08,North,Sports,Running Shoes,CUST4697,8,281.25,0.11,2002.5
81,2023-06-06,West,Home & Garden,Cushion,CUST2625,37,312.41,0.06,10865.62
82,2023-03-22,North,Clothing,Jacket,CUST1043,16,91.04,0.21,1150.75
83,2023-04-29,North,Home & Garden,Cushion,CUST8438,19,354.94,,6743.86
84,2023-08-06,South,Clothing,Jacket,CUST5352,8,274.56,0.02,2152.55
85,2023-08-13,East,Clothing,Jacket,CUST7594,8,237.01,0.15,1611.67
86,2023-11-03,North,Home & Garden,Rug,CUST5102,3,445.26,,1335.78
87,2023-12-11,North,Clothing,Shoes,CUST3870,18,290.24,0.2,4179.46
88,2023-11-22,West,Food,Chocolate,CUST7690,32,484.68,0.2,12407.81
89,2023-12-22,West,Clothing,Jacket,CUST1601,32,147.67,0.09,4300.15
90,2023-09-21,West,Food,Coffee,CUST7770,1,330.54,,330.54
91,2023-11-17,West,Sports,Running Shoes,CUST9998,29,381.2,,11054.8
92,2023-03-04,West,Food,Nuts,CUST4920,2,486.71,0.09,885.81
93,2023-02-17,West,Electronics,Camera,CUST8560,15,496.17,0.19,6028.47
94,2023-09-18,East,Clothing,Dress,CUST8736,46,140.35,0.17,5358.56
95,2023-02-05,South,Home & Garden,Lamp,CUST6568,18,387.47,0.15,5928.29
96,2023-10-28,East,Electronics,Tablet,CUST3434,38,499.46,0.15,16132.56
97,2023-08-22,West,Food,Protein Bar,CUST4912,21,435.45,0.07,8504.34
98,2023-08-31,East,Home & Garden,Plant Pot,CUST3492,46,457.15,0.01,20818.61
99,2023-02-21,East,Sports,Gloves,CUST1251,29,54.36,0.12,1387.27
100,2023-05-16,West,Clothing,T-Shirt,CUST2315,22,313.51,0.26,5103.94
101,2023-11-17,East,Sports,Bottle,CUST9864,500,444.28,,20436.88
102,2023-04-27,East,Electronics,Smartphone,CUST2646,48,49.74,0.21,1886.14
103,2023-01-29,East,Electronics,Laptop,CUST5000,19,182.44,0.17,2877.08
104,2023-02-10,South,Clothing,Jeans,CUST4945,40,436.07,0.17,14477.52
105,2023-08-24,East,Clothing,Dress,CUST8622,17,335.09,0.2,4557.22
106,2023-06-26,West,Clothing,T-Shirt,CUST5097,38,153.08,0.09,5293.51
107,2023-05-02,North,Home & Garden,Rug,CUST5837,25,288.1,,7202.5
108,2023-10-17,North,Home & Garden,Cushion,CUST9138,44,390.26,0.27,12535.15
109,2023-04-23,East,Clothing,Shoes,CUST3240,41,99.12,0.27,2966.66
110,2023-01-18,West,Electronics,Tablet,CUST5835,38,185.61,0.12,6206.8
111,2023-09-29,East,Clothing,Jeans,CUST5210,33,457.18,0.28,10862.6
112,2023-08-28,North,Food,Tea,CUST7511,5,74.67,0.24,283.75
113,2023-01-08,West,Food,Coffee,CUST5295,17,270.6,0.25,3450.15
114,2023-08-30,South,Food,Coffee,CUST6374,2,311.68,0.07,579.72
115,2023-11-29,East,Electronics,Headphones,CUST1609,27,62.75,0.15,1440.11
116,2023-07-18,South,Electronics,Smartphone,CUST9850,30,188.65,0.22,4414.41
117,2023-09-08,North,Clothing,Dress,CUST1536,40,207.02,0.07,7701.14
118,2023-02-20,East,Home & Garden,Lamp,CUST6876,44,186.83,,8220.52
119,2023-08-21,North,Food,Chocolate,CUST1349,6,333.07,,1998.42
120,2023-10-17,South,Food,Chocolate,CUST4394,14,38.96,0.24,414.53
121,2023-11-02,South,Clothing,Jacket,CUST3129,1,142.25,0.24,108.11
122,2023-01-08,South,Electronics,Laptop,CUST6304,23,396.04,,9108.92
123,2023-08-04,South,Food,Coffee,CUST8344,34,61.26,0.15,1770.41
124,2023-11-11,South,Electronics,Headphones,CUST9543,3,364.99,0.19,886.93
125,2023-07-25,West,Electronics,Laptop,CUST8267,28,344.62,,9649.36
126,2023-02-03,South,Electronics,Tablet,CUST9984,9,141.13,0.11,1130.45
127,2023-08-21,East,Sports,Gloves,CUST2874,33,304.69,0.2,8043.82
128,2023-08-20,West,Sports,Dumbbell,CUST7532,15,209.84,0.03,3053.17
129,2023-07-11,East,Home & Garden,Cushion,CUST2494,10,344.98,0.03,3346.31
130,2023-10-12,South,Electronics,Tablet,CUST6400,4,295.3,0.12,1039.46
131,2023-11-04,East,Home & Garden,Plant Pot,CUST4485,20,179.06,,3581.2
132,2023-06-29,North,Home & Garden,Lamp,CUST4705,36,186.94,0.25,5047.38
133,2023-11-08,North,Sports,Gloves,CUST3955,43,415.58,0.23,13759.85
134,2023-04-03,North,Food,Tea,CUST3324,10,285.33,0.29,2025.84
135,2023-07-12,South,Electronics,Camera,CUST6105,27,229.55,0.23,4772.34
136,2023-01-27,North,Sports,Gloves,CUST2336,10,82.92,0.2,663.36
137,2023-08-01,West,Home & Garden,Mirror,CUST6655,18,111.71,0.08,1849.92
138,2023-01-24,East,Sports,Bottle,CUST1125,15,200.66,0.28,2167.13
139,2023-06-17,East,Clothing,Jacket,CUST3878,8,8.83,,70.64
140,2023-02-06,East,Sports,Dumbbell,CUST1307,26,431.57,0.02,10996.4
141,2023-10-21,West,Food,Protein Bar,CUST2887,26,356.2,0.29,6575.45
142,2023-12-20,West,Clothing,Shoes,CUST4986,24,48.62,0.12,1026.85
143,2023-06-23,East,Electronics,Headphones,CUST9363,15,169.87,0.16,2140.36
144,2023-11-27,East,Clothing,Jacket,CUST4232,10,121.95,,1219.5
145,2023-11-18,South,Clothing,T-Shirt,CUST8354,32,234.66,0.26,5556.75
146,2023-03-19,East,Sports,Running Shoes,CUST5961,29,38.8,0.18,922.66
147,2023-06-08,North,Food,Protein Bar,CUST5703,30,228.7,,6861.0
148,2023-08-25,West,Electronics,Camera,CUST1672,38,279.39,0.24,8068.78
149,2023-09-14,West,Clothing,Jacket,CUST6626,10,479.07,0.03,4646.98
150,2023-12-29,South,Clothing,T-Shirt,CUST3600,29,495.54,0.28,10346.88
151,2023-12-14,East,Home & Garden,Rug,CUST6482,39,30.92,,1205.88
152,2023-05-26,West,Electronics,Camera,CUST3463,17,363.25,0.17,5125.46
153,2023-12-02,East,Clothing,Jacket,CUST2388,45,332.76,0.11,13327.04
154,2023-11-27,North,Food,Chocolate,CUST6940,43,214.59,0.29,6551.43
155,2023-04-26,South,Food,Nuts,CUST2657,9,81.7,0.16,617.65
156,2023-11-13,East,Sports,Yoga Mat,CUST3962,9,300.64,0.23,2083.44
157,2023-07-30,North,Clothing,Dress,CUST8277,24,339.8,0.23,6279.5
158,2023-06-08,South,Home & Garden,Lamp,CUST8218,31,452.47,0.08,12904.44
159,2023-03-24,West,Home & Garden,Mirror,CUST5096,13,401.62,,5221.06
160,2023-12-31,North,Home & Garden,Cushion,CUST3626,34,426.33,0.27,10581.51
161,2023-04-24,North,Clothing,Dress,CUST7797,29,442.89,,12843.81
162,2023-07-17,South,Sports,Running Shoes,,6,190.58,0.25,857.61
163,2023-01-20,South,Food,Chocolate,CUST3273,19,459.11,0.14,7501.86
164,2023-01-10,North,Sports,Yoga Mat,CUST9647,17,111.75,0.23,1462.81
165,2023-01-25,North,Clothing,Jacket,CUST8489,16,212.81,,3404.96
166,2023-11-20,North,Home & Garden,Mirror,CUST5772,33,289.65,0.18,7837.93
167,2023-04-06,West,Clothing,Shoes,CUST6908,43,335.77,,14438.11
168,2023-07-19,North,Sports,Gloves,CUST7116,31,26.55,0.0,823.05
169,2023-12-03,South,Electronics,Tablet,CUST6447,41,56.31,,2308.71
170,2023-11-26,East,Food,Protein Bar,CUST8840,12,416.04,0.24,3794.28
171,2023-05-31,North,Electronics,Headphones,CUST1686,13,26.68,0.09,315.62
172,2023-05-10,West,Home & Garden,Mirror,CUST6848,3,377.88,0.01,1122.3
173,2023-07-08,North,Food,Tea,CUST7334,28,445.3,0.06,11720.3
174,2023-02-12,East,Home & Garden,Cushion,CUST3956,47,215.13,0.1,9100.0
175,2023-06-06,East,Electronics,Tablet,CUST8272,29,303.3,0.01,8707.74
176,2023-05-21,West,Food,Protein Bar,CUST2229,41,490.11,0.12,17683.17
177,2023-03-15,North,Sports,Dumbbell,CUST3068,39,340.65,,13285.35
178,2023-10-18,West,Food,Tea,CUST7077,3,304.52,0.23,703.44
179,2023-07-23,East,Sports,Dumbbell,CUST2858,21,326.53,,6857.13
180,2023-10-15,West,Clothing,Dress,CUST8311,8,134.58,0.18,882.84
181,2023-03-11,North,Home & Garden,Lamp,CUST8292,5,228.76,0.24,869.29
182,2023-10-09,North,Food,Tea,CUST3580,35,148.73,0.28,3748.0
183,2023-03-04,South,Clothing,Jacket,CUST9094,13,397.07,,5161.91
184,2023-08-28,East,Sports,Gloves,CUST2077,36,69.24,0.3,1744.85
185,2023-07-29,West,Home & Garden,Mirror,CUST2215,37,41.51,0.2,1228.7
186,2023-03-08,South,Food,Chocolate,CUST3034,28,253.92,0.09,6469.88
187,2023-06-27,South,Clothing,Jacket,CUST5105,34,447.99,,15231.66
188,2023-11-17,South,Sports,Running Shoes,CUST3762,20,309.14,0.17,5131.72
189,2023-10-16,East,Clothing,Shoes,,3,413.49,,1240.47
190,2023-10-20,South,Sports,Running Shoes,CUST9938,27,310.96,0.29,5961.1
191,2023-06-02,West,Home & Garden,Lamp,CUST8202,30,41.12,0.14,1060.9
192,2023-06-10,South,Food,Protein Bar,CUST6658,46,163.06,0.04,7200.73
193,2023-06-13,North,Food,Protein Bar,CUST5061,16,235.9,,3774.4
194,2023-11-12,West,Electronics,Tablet,CUST3616,27,127.89,0.28,2486.18
195,2023-09-13,South,Food,Chocolate,CUST9148,33,236.07,,7790.31
196,2023-05-04,West,Home & Garden,Mirror,CUST5609,14,293.76,0.26,3043.35
197,2023-02-25,North,Home & Garden,Cushion,CUST6992,28,71.3,0.11,1776.8
198,2023-07-05,South,Home & Garden,Plant Pot,CUST8378,36,147.86,0.08,4897.12
199,2023-03-07,North,Sports,Gloves,CUST6555,7,199.98,0.11,1245.88
200,2023-09-14,West,Clothing,Jeans,CUST6456,3,27.43,0.16,69.12
201,2023-06-17,South,Clothing,Shoes,CUST5902,40,162.67,0.15,25000.0
202,2023-12-29,West,Sports,Gloves,CUST7035,37,153.4,0.03,5505.53
203,2023-12-19,East,Home & Garden,Mirror,CUST4728,41,18.19,0.18,611.55
204,2023-03-17,West,Clothing,Shoes,CUST2800,44,124.89,,5495.16
205,2023-03-19,West,Home & Garden,Cushion,CUST8726,27,346.8,0.22,7303.61
206,2023-10-15,South,Electronics,Smartphone,CUST7173,21,499.07,0.05,9956.45
207,2023-12-13,East,Sports,Running Shoes,CUST5331,50,434.49,0.06,20421.03
208,2023-04-26,East,Clothing,Jacket,CUST9011,20,386.73,0.1,6961.14
209,2023-10-21,North,Food,Tea,CUST7464,44,273.88,0.29,8556.01
210,2023-05-28,North,Clothing,Jacket,CUST5201,46,44.12,0.06,1907.75
211,2023-03-12,East,Sports,Running Shoes,CUST4972,7,309.76,,2168.32
212,2023-01-27,South,Sports,Dumbbell,CUST2647,7,209.58,0.04,1408.38
213,2023-12-01,West,Sports,Dumbbell,CUST5706,31,241.34,0.19,6060.05
214,2023-10-01,South,Electronics,Camera,CUST3868,48,362.94,0.25,13065.84
215,2023-04-06,West,Electronics,Headphones,CUST1613,48,481.26,,23100.48
216,2023-06-21,North,Sports,Gloves,CUST9590,19,229.9,0.28,3145.03
217,2023-04-09,East,Sports,Bottle,CUST5215,8,168.69,0.0,1349.52
218,2023-03-31,South,Food,Tea,CUST8007,40,428.79,0.03,16637.05
219,2023-09-02,South,Electronics,Smartphone,,21,468.23,0.13,8554.56
220,2023-10-26,East,Food,Tea,CUST6890,47,288.57,0.02,13291.53
221,2023-03-23,East,Electronics,Headphones,CUST6095,26,344.61,0.19,7257.49
222,2023-04-23,South,Food,Tea,CUST7121,9,241.7,0.16,1827.25
223,2023-05-07,South,Home & Garden,Mirror,CUST2341,44,378.6,0.16,13993.06
224,2023-02-01,North,Food,Coffee,CUST9792,36,451.93,,16269.48
225,2023-03-01,West,Food,Protein Bar,CUST2489,44,106.67,0.13,4083.33
226,2023-09-20,South,Electronics,Headphones,CUST8575,27,231.12,0.09,5678.62
227,2023-01-02,East,Electronics,Headphones,CUST7941,48,112.86,0.02,5308.93
228,2023-01-17,West,Electronics,Laptop,CUST7887,19,207.39,0.27,2876.5
229,2023-02-11,West,Home & Garden,Rug,CUST3178,44,482.25,0.1,19097.1
230,2023-09-28,West,Clothing,Shoes,CUST1056,9,365.29,0.29,2334.2
231,2023-09-30,West,Home & Garden,Mirror,CUST6671,25,412.56,,10314.0
232,2023-12-05,North,Clothing,T-Shirt,CUST1256,27,309.39,0.02,8186.46
233,2023-11-03,West,Sports,Yoga Mat,CUST1724,44,353.13,0.07,14450.08
234,2023-09-15,South,Clothing,T-Shirt,CUST6224,19,120.91,0.23,1768.91
235,2023-03-15,East,Food,Chocolate,CUST5508,43,263.02,,11309.86
236,2023-10-12,West,Sports,Dumbbell,CUST7244,32,28.21,0.1,812.45
237,2023-06-03,South,Home & Garden,Rug,CUST4948,25,96.02,0.09,2184.45
238,2023-10-15,North,Clothing,Dress,CUST3196,27,484.05,0.08,12023.8
239,2023-07-09,West,Food,Coffee,CUST1844,6,270.14,0.2,1296.67
240,2023-04-07,North,Sports,Yoga Mat,CUST4555,49,295.85,0.26,10727.52
241,2023-04-19,North,Food,Tea,CUST8846,13,481.23,0.21,4942.23
242,2023-10-10,South,Clothing,Dress,CUST9743,21,388.88,0.09,7431.5
243,2023-08-27,West,Food,Protein Bar,CUST6246,7,402.39,0.11,2506.89
244,2023-03-16,South,Home & Garden,Plant Pot,CUST7841,2,134.08,0.06,252.07
245,2023-09-13,South,Clothing,Dress,CUST5216,36,329.03,0.15,10068.32
246,2023-06-30,South,Home & Garden,Rug,CUST4015,11,74.28,0.16,686.35
247,2023-02-08,North,Electronics,Camera,,43,29.01,,1247.43
248,2023-01-05,South,Clothing,T-Shirt,CUST8916,14,255.34,0.0,3574.76
249,2023-01-07,West,Sports,Gloves,CUST5697,2,267.06,,534.12
250,2023-02-19,North,Home & Garden,Lamp,CUST9625,34,78.7,0.11,2381.46
251,2023-07-27,East,Home & Garden,Plant Pot,CUST4700,30,284.68,0.25,6405.3
252,2023-07-27,North,Electronics,Laptop,CUST1154,25,191.7,0.02,4696.65
253,2023-09-28,North,Home & Garden,Cushion,CUST8790,3,118.73,0.28,256.46
254,2023-04-02,North,Food,Protein Bar,CUST3362,21,12.75,0.21,211.52
255,2023-03-25,East,Home & Garden,Plant Pot,CUST7375,37,124.03,0.16,3854.85
256,2023-09-14,North,Home & Garden,Lamp,CUST8161,48,487.29,0.02,22922.12
257,2023-06-17,West,Sports,Gloves,CUST8381,2,318.89,0.11,567.62
258,2023-12-15,South,Home & Garden,Rug,CUST5839,38,332.03,0.21,9967.54
259,2023-07-14,South,Electronics,Tablet,CUST7383,46,393.03,0.03,17537.0
260,2023-07-04,West,Electronics,Tablet,CUST4070,49,138.53,0.17,5634.02
261,2023-01-14,North,Sports,Bottle,CUST6315,6,180.19,0.0,1081.14
262,2023-10-14,North,Home & Garden,Rug,CUST7237,16,288.12,,4609.92
263,2023-09-10,East,Food,Tea,CUST7899,10,36.32,0.23,279.66
264,2023-11-17,South,Food,Tea,CUST2752,32,298.93,,9565.76
265,2023-11-14,East,Electronics,Headphones,CUST6484,25,403.02,0.25,7556.62
266,2023-06-14,East,Sports,Dumbbell,CUST6147,39,473.9,,18482.1
267,2023-12-22,East,Home & Garden,Cushion,CUST4971,41,248.05,0.08,9356.45
268,2023-10-16,North,Home & Garden,Cushion,CUST1440,13,298.15,0.14,3333.32
269,2023-12-21,East,Clothing,Dress,CUST7703,5,410.39,0.04,1969.87
270,2023-12-04,East,Food,Chocolate,CUST2211,10,359.04,0.18,2944.13
271,2023-10-06,West,Sports,Bottle,CUST9796,3,396.41,0.27,868.14
272,2023-03-27,East,Electronics,Smartphone,CUST7547,42,308.28,0.1,11652.98
273,2023-02-20,North,Home & Garden,Plant Pot,CUST4621,17,114.89,0.12,1718.75
274,2023-06-26,South,Sports,Gloves,CUST2406,2,243.97,,487.94
275,2023-06-25,East,Clothing,Jacket,CUST6706,30,393.21,0.13,10262.78
276,2023-06-03,North,Home & Garden,Cushion,CUST6620,3,406.04,0.2,974.5
277,2023-10-10,South,Clothing,Jeans,CUST8570,11,168.84,0.12,1634.37
278,2023-07-22,West,Clothing,Jeans,CUST8365,2,370.01,0.12,651.22
279,2023-12-27,East,Clothing,Jeans,CUST9796,5,290.79,,1453.95
280,2023-02-28,West,Food,Chocolate,CUST6134,17,337.0,0.18,4697.78
281,2023-06-30,East,Sports,Yoga Mat,CUST5873,30,310.59,0.18,7640.51
282,2023-05-03,North,Clothing,Jacket,CUST3316,20,62.89,0.13,1094.29
283,2023-08-05,West,Clothing,Shoes,CUST3838,12,245.9,0.15,2508.18
284,2023-08-19,East,Clothing,Jeans,CUST1157,40,31.54,0.06,1185.9
285,2023-07-29,West,Home & Garden,Mirror,CUST8272,44,248.4,0.02,10711.01
286,2023-01-17,East,Electronics,Smartphone,CUST8492,18,116.3,0.23,1611.92
287,2023-10-21,North,Home & Garden,Mirror,CUST7010,8,137.61,0.23,847.68
288,2023-08-06,South,Home & Garden,Mirror,CUST5055,7,369.31,0.3,1809.62
289,2023-02-14,East,Home & Garden,Cushion,CUST4882,29,433.32,0.22,9801.7
290,2023-03-26,West,Food,Protein Bar,CUST4390,40,73.92,0.17,2454.14
291,2023-06-15,South,Sports,Running Shoes,CUST9428,46,149.85,0.2,5514.48
292,2023-01-31,West,Electronics,Smartphone,CUST3174,18,434.19,0.21,6174.18
293,2023-03-14,West,Clothing,Dress,CUST7146,37,318.04,0.19,9531.66
294,2023-12-22,East,Electronics,Headphones,CUST1040,24,230.07,0.25,4141.26
295,2023-02-02,East,Electronics,Headphones,CUST4470,35,201.87,0.1,6358.9
296,2023-10-17,South,Food,Tea,CUST1793,32,395.21,,12646.72
297,2023-03-22,North,Home & Garden,Plant Pot,CUST8009,29,230.98,0.21,5291.75
298,2023-05-21,South,Clothing,Jacket,CUST7092,6,329.02,0.19,1599.04
299,2023-12-25,East,Electronics,Headphones,CUST2559,49,120.9,,5924.1
300,2023-10-31,South,Home & Garden,Plant Pot,CUST1132,15,262.12,0.25,2948.85
301,2023-02-06,West,Home & Garden,Lamp,CUST2678,15,194.62,,2919.3
302,2023-07-15,South,Food,Tea,CUST3340,50,407.62,,20381.0
303,2023-08-14,South,Sports,Yoga Mat,CUST3480,23,362.6,0.18,6838.64
304,2023-02-21,North,Home & Garden,Lamp,CUST7291,9,377.46,0.13,2955.51
305,2023-11-27,East,Clothing,Jeans,CUST5668,6,127.84,0.21,605.96
306,2023-07-20,South,Food,Chocolate,CUST4921,19,324.85,0.03,5986.99
307,2023-09-28,North,Home & Garden,Mirror,CUST3162,1,493.51,0.25,370.13
308,2023-08-30,South,Home & Garden,Cushion,CUST1225,50,41.13,0.01,2035.93
309,2023-11-18,East,Electronics,Headphones,CUST7590,46,253.02,,11638.92
310,2023-05-23,South,Sports,Gloves,CUST4329,6,158.4,0.05,902.88
311,2023-06-08,North,Food,Nuts,CUST4909,45,221.56,,9970.2
312,2023-08-21,North,Electronics,Headphones,CUST3877,40,306.37,,12254.8
313,2023-09-12,South,Clothing,T-Shirt,CUST5247,23,263.89,,6069.47
314,2023-01-16,North,Clothing,Jacket,CUST2046,22,404.52,0.29,6318.6
315,2023-09-19,West,Electronics,Headphones,CUST3734,24,32.44,0.08,716.28
316,2023-04-27,North,Electronics,Camera,CUST1201,48,256.87,0.14,10603.59
317,2023-01-19,South,Home & Garden,Lamp,CUST7870,36,402.54,0.07,13477.04
318,2023-10-20,North,Food,Tea,CUST1862,24,64.1,,1538.4
319,2023-02-05,West,Sports,Yoga Mat,CUST6090,30,433.69,0.17,10798.88
320,2023-05-30,South,Electronics,Tablet,CUST4974,37,393.33,0.18,11933.63
321,2023-03-19,South,Home & Garden,Lamp,,1,466.54,0.19,377.9
322,2023-12-03,North,Electronics,Tablet,CUST2703,25,425.26,0.29,7548.36
323,2023-03-14,North,Home & Garden,Rug,CUST4792,46,143.51,0.16,5545.23
324,2023-10-25,North,Food,Nuts,CUST7461,7,255.19,,1786.33
325,2023-12-06,West,Sports,Yoga Mat,CUST6161,9,122.2,0.12,967.82
326,2023-05-20,West,Food,Tea,CUST2785,15,41.97,,629.55
327,2023-06-10,West,Clothing,Dress,CUST4401,27,64.76,0.14,1503.73
328,2023-12-18,South,Electronics,Laptop,CUST1660,20,414.06,0.26,6128.09
329,2023-07-02,South,Clothing,T-Shirt,CUST5262,26,259.16,0.05,6401.25
330,2023-02-18,South,Home & Garden,Rug,CUST2989,30,55.44,,1663.2
331,2023-07-25,South,Clothing,Jeans,CUST2376,24,344.71,0.08,7611.2
332,2023-04-12,North,Electronics,Laptop,CUST6432,42,224.5,,9429.0
333,2023-10-21,South,Home & Garden,Plant Pot,CUST1483,28,411.73,0.13,10029.74
334,2023-05-21,South,Food,Chocolate,CUST5026,18,225.78,0.15,3454.43
335,2023-02-14,North,Sports,Bottle,CUST9614,18,194.59,0.3,2451.83
336,2023-07-03,West,Sports,Yoga Mat,CUST9231,31,274.54,0.08,7829.88
337,2023-01-16,South,Electronics,Tablet,CUST8728,50,144.06,0.23,5546.31
338,2023-05-07,North,Clothing,Jeans,CUST1916,43,124.37,0.28,3850.5
339,2023-03-30,East,Sports,Bottle,CUST6878,12,122.09,0.01,1450.43
340,2023-10-16,South,Food,Protein Bar,CUST9064,13,419.16,0.05,5176.63
341,2023-04-30,North,Electronics,Laptop,CUST1011,39,113.31,0.18,3623.65
342,2023-06-15,South,Clothing,Jacket,CUST3320,4,15.85,0.25,47.55
343,2023-12-27,East,Food,Coffee,CUST5944,43,200.82,0.29,6131.03
344,2023-03-31,East,Home & Garden,Rug,CUST6846,46,484.53,0.18,18276.47
345,2023-12-19,East,Clothing,Dress,CUST7415,19,68.04,0.23,995.43
346,2023-11-05,South,Sports,Yoga Mat,CUST4619,21,460.91,0.03,9388.74
347,2023-02-09,East,Home & Garden,Lamp,CUST2453,16,176.67,0.2,2261.38
348,2023-05-16,North,Food,Nuts,CUST5205,14,128.52,0.22,1403.44
349,2023-08-03,West,Electronics,Headphones,CUST7204,11,442.85,0.11,4335.5
350,2023-03-25,South,Home & Garden,Mirror,CUST5831,29,41.49,,1203.21
351,2023-06-25,North,Food,Coffee,CUST2228,11,444.53,0.27,3569.58
352,2023-12-27,West,Electronics,Tablet,CUST8113,2,218.51,,437.02
353,2023-04-08,South,Electronics,Tablet,CUST9849,27,350.11,0.08,8696.73
354,2023-07-21,North,Clothing,T-Shirt,CUST1893,37,277.08,0.13,8919.21
355,2023-04-13,West,Food,Protein Bar,CUST5781,7,17.74,0.14,106.79
356,2023-08-30,West,Electronics,Tablet,CUST9914,32,447.96,0.11,12757.9
357,2023-08-17,South,Home & Garden,Cushion,CUST4706,3,135.33,0.17,336.97
358,2023-12-09,North,Clothing,T-Shirt,CUST4727,23,405.05,0.25,6987.11
359,2023-10-21,West,Sports,Bottle,CUST1568,16,240.75,0.27,2811.96
360,2023-03-03,South,Sports,Gloves,CUST3738,49,227.27,0.24,8463.53
361,2023-02-10,West,Clothing,T-Shirt,CUST3422,44,220.52,0.08,8926.65
362,2023-10-12,West,Electronics,Laptop,CUST9514,26,278.27,0.26,5353.91
363,2023-02-27,West,Sports,Gloves,CUST2641,27,79.07,0.17,1771.96
364,2023-07-30,East,Electronics,Tablet,CUST8750,17,194.61,,3308.37
365,2023-11-13,South,Food,Nuts,CUST7484,39,342.0,0.1,12004.2
366,2023-05-18,West,Clothing,T-Shirt,CUST5965,24,15.02,0.25,270.36
367,2023-06-03,South,Electronics,Smartphone,CUST5414,48,224.34,0.18,8830.02
368,2023-04-19,West,Electronics,Smartphone,CUST7126,27,371.77,0.15,8532.12
369,2023-12-30,East,Clothing,T-Shirt,CUST9589,33,204.68,0.01,6686.9
370,2023-05-08,North,Clothing,Jeans,CUST4262,3,230.94,0.25,519.62
371,2023-12-15,North,Sports,Bottle,CUST8308,2,124.76,,249.52
372,2023-06-26,East,Home & Garden,Mirror,CUST2480,11,419.64,0.12,4062.12
373,2023-04-24,South,Clothing,Shoes,CUST7709,42,116.43,0.26,3618.64
374,2023-11-28,South,Electronics,Headphones,,12,302.57,0.24,2759.44
375,2023-07-12,West,Food,Tea,CUST5950,23,232.2,0.25,4005.45
376,2023-01-04,North,Home & Garden,Mirror,CUST7131,33,499.72,0.18,13522.42
377,2023-09-04,North,Food,Tea,CUST6327,5,171.46,0.08,788.72
378,2023-09-22,South,Food,Chocolate,CUST7620,49,123.95,0.2,4858.84
379,2023-05-13,East,Electronics,Headphones,CUST4111,27,205.28,0.21,4378.62
380,2023-09-17,East,Sports,Bottle,CUST3967,20,423.48,0.14,7283.86
381,2023-12-15,South,Food,Protein Bar,CUST4659,22,328.95,0.09,6585.58
382,2023-10-27,East,Food,Tea,CUST1879,19,234.56,0.18,3654.44
383,2023-04-10,West,Sports,Yoga Mat,CUST9680,33,64.31,0.02,2079.79
384,2023-06-25,South,Clothing,Jeans,CUST8496,27,493.66,,13328.82
385,2023-06-20,West,Clothing,T-Shirt,CUST1950,41,493.39,,20228.99
386,2023-10-23,South,Food,Chocolate,CUST2442,49,83.43,,4088.07
387,2023-08-08,West,Home & Garden,Rug,CUST4267,31,194.74,0.29,4286.23
388,2023-01-10,South,Food,Protein Bar,CUST4707,44,7.04,0.1,278.78
389,2023-09-15,West,Clothing,T-Shirt,CUST1749,38,156.53,0.09,5412.81
390,2023-08-11,East,Sports,Gloves,CUST9031,44,497.76,0.06,20587.35
391,2023-04-25,South,Home & Garden,Plant Pot,CUST1359,47,492.52,0.05,21991.02
392,2023-11-24,West,Food,Coffee,CUST1785,17,386.77,0.2,5260.07
393,2023-08-02,North,Electronics,Laptop,CUST8772,29,193.23,0.06,5267.45
394,2023-12-05,West,Electronics,Tablet,CUST3247,7,332.93,0.27,1701.27
395,2023-05-25,North,Sports,Gloves,CUST4272,8,393.46,0.25,2360.76
396,2023-06-01,West,Clothing,Jacket,CUST4402,11,24.51,0.14,231.86
397,2023-12-10,North,Clothing,T-Shirt,CUST9095,6,453.91,,2723.46
398,2023-02-21,North,Electronics,Camera,CUST5850,17,323.95,0.02,5397.01
399,2023-07-04,East,Clothing,T-Shirt,CUST2556,44,159.79,0.27,5132.45
400,2023-06-18,South,Electronics,Smartphone,CUST5395,23,447.79,0.03,9990.19
401,2023-07-25,North,Food,Chocolate,CUST7319,26,481.34,0.14,10762.76
402,2023-03-09,North,Home & Garden,Lamp,CUST3611,45,364.57,,16405.65
403,2023-04-03,West,Sports,Bottle,CUST1472,40,192.98,0.26,5712.21
404,2023-02-27,West,Clothing,Dress,CUST6148,27,223.14,,6024.78
405,2023-12-09,South,Sports,Gloves,CUST2560,22,261.95,0.22,4495.06
406,2023-03-18,West,Home & Garden,Cushion,CUST1190,36,446.57,0.05,15272.69
407,2023-02-08,South,Home & Garden,Rug,CUST5557,49,248.37,,12170.13
408,2023-07-26,West,Clothing,Shoes,CUST8341,16,44.02,,704.32
409,2023-03-02,East,Home & Garden,Rug,,32,373.89,0.01,11844.84
410,2023-11-06,North,Sports,Yoga Mat,CUST4389,40,320.58,0.14,11027.95
411,2023-04-25,North,Food,Tea,CUST8751,30,169.33,0.11,4521.11
412,2023-12-04,North,Home & Garden,Plant Pot,CUST5783,15,6.09,0.11,81.3
413,2023-09-10,South,Electronics,Laptop,CUST7704,9,411.81,,3706.29
414,2023-03-03,South,Sports,Dumbbell,CUST4122,26,111.72,0.03,2817.58
415,2023-08-19,North,Home & Garden,Plant Pot,CUST3205,30,330.94,0.0,9928.2
416,2023-10-27,West,Electronics,Camera,CUST3903,31,462.56,0.05,13622.39
417,2023-12-03,West,Clothing,T-Shirt,CUST7302,39,305.05,0.18,9755.5
418,2023-06-25,West,Clothing,Jacket,CUST7762,19,229.16,0.27,3178.45
419,2023-12-31,East,Sports,Running Shoes,CUST4291,48,468.08,0.21,17749.59
420,2023-09-15,South,Food,Chocolate,CUST2890,35,348.68,0.17,10129.15
421,2023-12-12,West,Sports,Gloves,CUST7920,48,447.46,0.16,18041.59
422,2023-01-28,South,Electronics,Headphones,CUST3636,43,33.02,0.21,1121.69
423,2023-04-15,East,Clothing,T-Shirt,CUST8415,49,272.88,,13371.12
424,2023-05-02,West,Sports,Dumbbell,CUST5712,33,393.23,0.01,12846.82
425,2023-12-17,West,Home & Garden,Rug,CUST5117,21,483.09,0.26,7507.22
426,2023-10-29,East,Home & Garden,Lamp,CUST4170,35,370.53,0.05,12320.12
427,2023-09-21,South,Electronics,Smartphone,CUST5329,8,191.71,,1533.68
428,2023-06-19,North,Sports,Running Shoes,CUST3518,30,356.3,0.18,8764.98
429,2023-10-21,West,Sports,Running Shoes,CUST6207,36,182.25,0.29,4658.31
430,2023-08-01,South,Sports,Yoga Mat,CUST4624,35,270.83,0.2,7583.24
431,2023-04-22,East,Food,Tea,CUST1144,49,311.05,,15241.45
432,2023-11-25,South,Food,Nuts,CUST1653,40,459.71,0.1,16549.56
433,2023-10-04,East,Electronics,Headphones,CUST7143,47,145.0,0.15,5792.75
434,2023-11-30,East,Home & Garden,Plant Pot,CUST2572,13,163.55,,2126.15
435,2023-11-17,North,Sports,Gloves,CUST4492,5,109.34,0.13,475.63
436,2023-11-28,West,Electronics,Smartphone,CUST8523,5,374.71,0.01,1854.81
437,2023-05-09,South,Electronics,Laptop,CUST5237,36,39.87,0.14,1234.38
438,2023-01-09,East,Home & Garden,Rug,CUST2036,25,338.28,0.18,6934.74
439,2023-05-29,North,Electronics,Tablet,CUST8170,44,154.17,0.25,5087.61
440,2023-10-01,South,Electronics,Headphones,CUST9941,15,72.51,0.19,881.0
441,2023-10-11,North,Food,Tea,CUST7456,36,74.98,0.28,1943.48
442,2023-04-19,East,Food,Chocolate,CUST3333,27,453.29,,12238.83
443,2023-04-10,East,Clothing,Shoes,CUST1891,8,94.77,0.28,545.88
444,2023-05-29,North,Sports,Bottle,CUST8982,43,38.34,0.11,1467.27
445,2023-11-14,East,Clothing,T-Shirt,CUST8383,5,450.56,0.2,1802.24
446,2023-06-11,East,Sports,Dumbbell,CUST4629,28,88.48,0.19,2006.73
447,2023-12-14,South,Food,Tea,CUST8296,47,169.12,0.09,7233.26
448,2023-11-27,South,Sports,Yoga Mat,CUST3293,39,45.58,0.06,1670.96
449,2023-09-17,North,Electronics,Laptop,CUST7637,41,20.44,0.06,787.76
450,2023-10-06,East,Electronics,Camera,CUST6993,35,238.69,0.27,6098.53
451,2023-08-26,South,Sports,Running Shoes,CUST9227,33,257.65,,8502.45
452,2023-09-21,South,Clothing,Shoes,CUST3395,9,225.88,0.15,1727.98
453,2023-09-07,South,Food,Coffee,CUST1701,15,36.12,0.16,455.11
454,2023-08-21,West,Food,Nuts,CUST2691,3,24.75,0.16,62.37
455,2023-07-12,South,Food,Tea,CUST2275,42,192.37,0.11,7190.79
456,2023-06-30,West,Clothing,Shoes,CUST1108,23,246.0,0.04,5431.68
457,2023-09-21,North,Clothing,Jeans,CUST3578,42,144.0,0.22,4717.44
458,2023-06-19,West,Electronics,Smartphone,CUST8848,47,61.1,0.05,2728.12
459,2023-01-23,South,Home & Garden,Plant Pot,CUST9399,9,288.88,,2599.92
460,2023-03-27,North,Sports,Dumbbell,CUST7642,17,461.61,0.17,6513.32
461,2023-04-21,North,Electronics,Tablet,CUST8891,29,305.23,,8851.67
462,2023-10-26,South,Home & Garden,Mirror,CUST5333,50,95.03,,4751.5
463,2023-04-28,North,Food,Nuts,CUST4315,25,195.8,0.27,3573.35
464,2023-04-01,North,Home & Garden,Lamp,CUST9706,31,451.3,0.04,13430.69
465,2023-12-14,North,Home & Garden,Lamp,CUST1711,42,218.59,0.13,7987.28
466,2023-10-29,East,Home & Garden,Rug,CUST2600,48,454.39,0.08,20065.86
467,2023-11-03,East,Clothing,T-Shirt,CUST1116,35,207.28,0.04,6964.61
468,2023-12-19,South,Electronics,Headphones,CUST7980,21,207.38,0.08,4006.58
469,2023-11-10,East,Sports,Bottle,CUST4337,18,495.94,0.24,6784.46
470,2023-10-14,East,Home & Garden,Lamp,CUST6641,36,244.46,0.12,7744.49
471,2023-08-17,South,Clothing,T-Shirt,CUST9328,45,474.88,0.1,19232.64
472,2023-03-24,North,Sports,Gloves,,25,482.46,,12061.5
473,2023-02-15,West,Clothing,Dress,CUST1618,5,135.23,0.28,486.83
474,2023-12-31,East,Home & Garden,Mirror,CUST3871,39,33.44,0.13,1134.62
475,2023-04-10,East,Clothing,Shoes,CUST4795,3,393.06,0.2,943.34
476,2023-03-22,North,Food,Chocolate,CUST6785,6,498.42,0.12,2631.66
477,2023-12-27,North,Clothing,Shoes,CUST6703,5,459.99,0.24,1747.96
478,2023-08-21,South,Clothing,Shoes,CUST7670,26,289.58,0.17,6249.14
479,2023-03-01,East,Sports,Running Shoes,CUST5098,33,478.57,0.29,11212.9
480,2023-06-23,South,Sports,Bottle,CUST1448,50,232.13,0.08,10677.98
481,2023-06-11,South,Home & Garden,Lamp,CUST1159,27,477.95,0.08,11872.28
482,2023-12-11,West,Food,Coffee,CUST3924,48,411.43,0.11,17576.29
483,2023-12-16,South,Sports,Running Shoes,CUST4965,13,252.0,0.06,3079.44
484,2023-03-21,East,Clothing,Jeans,CUST9071,50,57.81,0.23,2225.68
485,2023-07-10,West,Sports,Yoga Mat,CUST5501,40,161.13,0.3,4511.64
486,2023-04-24,West,Sports,Running Shoes,CUST7933,49,290.45,0.16,11954.92
487,2023-12-18,West,Sports,Running Shoes,CUST9490,50,91.53,0.21,3615.43
488,2023-10-25,West,Electronics,Smartphone,CUST5254,7,166.09,,1162.63
489,2023-08-30,East,Food,Chocolate,CUST7945,40,174.83,0.21,5524.63
490,2023-05-24,West,Food,Tea,CUST4744,29,94.05,0.22,2127.41
491,2023-07-15,West,Clothing,Shoes,CUST3450,13,77.19,0.0,1003.47
492,2023-11-19,South,Home & Garden,Rug,CUST8972,34,269.32,0.17,7600.21
493,2023-02-20,West,Sports,Yoga Mat,CUST5166,45,85.85,0.19,3129.23
494,2023-07-04,East,Home & Garden,Cushion,CUST5222,24,282.37,0.12,5963.65
495,2023-10-23,South,Food,Protein Bar,CUST5663,37,326.68,0.2,9669.73
496,2023-07-15,North,Home & Garden,Rug,CUST3373,40,146.83,0.19,4757.29
497,2023-02-06,West,Food,Nuts,CUST6191,6,85.19,0.21,403.8
498,2023-08-16,East,Sports,Bottle,CUST9535,50,432.09,0.12,19011.96
499,2023-05-01,South,Clothing,T-Shirt,CUST2311,43,129.57,0.12,4902.93
500,2023-10-08,West,Electronics,Laptop,CUST2363,4,18.05,,72.2
80,2023-05-08,North,Sports,Running Shoes,CUST4697,8,281.25,0.11,2002.5
20,2023-01-11,East,Clothing,T-Shirt,CUST1117,38,279.19,,10609.22
11,2023-10-27,East,Clothing,Jeans,CUST4593,28,449.42,0.04,12080.41
84,2023-08-06,South,Clothing,Jacket,CUST5352,8,274.56,0.02,2152.55
50,2023-05-01,North,Sports,Running Shoes,CUST3414,44,158.66,,6981.04
40,2023-04-02,North,Clothing,Dress,CUST7745,48,462.62,0.26,16432.26
30,2023-10-24,South,Electronics,Camera,CUST9565,39,24.67,0.08,885.16
32,2023-02-07,North,Electronics,Headphones,CUST6718,35,110.51,0.26,2862.21
95,2023-02-05,South,Home & Garden,Lamp,CUST6568,18,387.47,0.15,5928.29
37,2023-10-15,West,Home & Garden,Mirror,CUST3442,1,60.38,0.25,45.29
